seed,initial_x,reward,duration,loss
1177941530,-0.5575414896011353,-200.0,200,0.0
2109704804,-0.40362268686294556,-200.0,200,0.0
926977561,-0.577836811542511,-200.0,200,0.0
86758667,-0.5153536796569824,-200.0,200,0.0
446602626,-0.4277811348438263,-200.0,200,0.002653607428073883
263682408,-0.5067217350006104,-200.0,200,0.6517550462484359
1706728447,-0.40966320037841797,-200.0,200,0.48739484906196595
997002489,-0.5752059817314148,-200.0,200,0.3503700228780508
428286473,-0.516267716884613,-200.0,200,0.24081305161118507
2071124056,-0.44475042819976807,-200.0,200,0.1625292693823576
512226751,-0.4713117480278015,-200.0,200,0.10673246204853058
298069256,-0.461159884929657,-200.0,200,0.06527428226545454
207550275,-0.44478127360343933,-200.0,200,0.04090528085827828
699231802,-0.5171505808830261,-200.0,200,0.024690016340464353
555603962,-0.4142543375492096,-200.0,200,0.013265423360280693
411689246,-0.5519942045211792,-200.0,200,0.006965114870108664
1514645084,-0.4674675464630127,-200.0,200,0.0032255349308252333
690723780,-0.46052446961402893,-200.0,200,0.0014569056051550434
1580859271,-0.4742445945739746,-200.0,200,0.0006153812713455409
118643631,-0.4810366630554199,-200.0,200,0.000238499470106035
2074915299,-0.5157527923583984,-200.0,200,9.440253023058177e-05
1365616735,-0.5108650922775269,-200.0,200,3.994887655608181e-05
514979546,-0.573322057723999,-200.0,200,1.806079139441863e-05
147275954,-0.5835705995559692,-200.0,200,9.373916450385877e-06
425934816,-0.5069386959075928,-200.0,200,5.81115927616338e-06
2094012148,-0.5680608749389648,-200.0,200,4.019808880002529e-06
485909736,-0.5167838335037231,-200.0,200,2.9772481548206996e-06
324809751,-0.5697552561759949,-200.0,200,2.27546091991826e-06
573551451,-0.5885204076766968,-200.0,200,1.933695562001958e-06
633918070,-0.4945049285888672,-200.0,200,1.5110492904568672e-06
1396926729,-0.46127328276634216,-200.0,200,1.1798253399319946e-06
111222572,-0.41222161054611206,-200.0,200,1.0041848145192488e-06
1625838119,-0.5254446268081665,-200.0,200,7.785345724187209e-07
1531287520,-0.436676561832428,-200.0,200,6.36803092675109e-07
705832102,-0.5230462551116943,-200.0,200,5.401969883678248e-07
857455358,-0.4302942156791687,-200.0,200,4.2603440761013187e-07
210895665,-0.5661121606826782,-200.0,200,3.551739746399107e-07
1113748345,-0.5755905508995056,-200.0,200,2.9037358672212577e-07
1078231680,-0.5974511504173279,-200.0,200,2.365307773288805e-07
1483708620,-0.5245364904403687,-200.0,200,1.9568556126614566e-07
33327356,-0.4252219796180725,-200.0,200,1.67153471011261e-07
93939939,-0.5825182199478149,-200.0,200,1.348019577562809e-07
815038378,-0.4080178737640381,-200.0,200,1.0900497272814391e-07
559284631,-0.4486035108566284,-200.0,200,9.361564480059315e-08
245759663,-0.49594414234161377,-200.0,200,7.798802471370437e-08
899651046,-0.47498396039009094,-200.0,200,6.72010355629027e-08
1096732699,-0.5488777756690979,-200.0,200,5.6451126511092296e-08
199592811,-0.5088878273963928,-200.0,200,4.8742172111815306e-08
1492217472,-0.5178785920143127,-200.0,200,4.2126030166400594e-08
176978058,-0.5248672962188721,-200.0,200,3.8291200326057153e-08
1871322556,-0.42254793643951416,-200.0,200,3.368224042787915e-08
9672165,-0.5650787949562073,-200.0,200,3.201912477379665e-08
351627283,-0.4319843649864197,-200.0,200,3.113714228675235e-08
1497730906,-0.5408379435539246,-200.0,200,2.498072717571631e-08
99230569,-0.5627570152282715,-200.0,200,2.73578143605846e-08
914333542,-0.4105163812637329,-200.0,200,3.15129318551044e-08
1899570110,-0.4054981470108032,-200.0,200,2.795556611090433e-08
1901984732,-0.5498105883598328,-200.0,200,4.149085725657642e-08
135727780,-0.5836160182952881,-200.0,200,4.09285075875232e-08
302573113,-0.4337713420391083,-200.0,200,5.364674507291056e-08
2126916134,-0.42896750569343567,-200.0,200,5.9122467064298686e-08
839613371,-0.47957155108451843,-200.0,200,3.018565212187241e-07
337186085,-0.5049585103988647,-200.0,200,8.79412491030962e-06
2104974357,-0.5797487497329712,-200.0,200,9.218833392878878e-06
720613576,-0.5084887742996216,-200.0,200,6.411708045561682e-07
420259361,-0.5283495783805847,-200.0,200,4.3630358959489967e-07
640693463,-0.5836525559425354,-200.0,200,1.8049456830340205e-05
695127481,-0.5931454300880432,-200.0,200,7.351822796408669e-07
1728831099,-0.45404550433158875,-200.0,200,8.06490743343602e-08
2133867665,-0.46882209181785583,-200.0,200,1.886200133867533e-05
847799477,-0.580129861831665,-200.0,200,4.7478481064899823e-07
1908778021,-0.4311940670013428,-200.0,200,2.1775854793304463e-06
222507812,-0.40938398241996765,-200.0,200,8.619939799245912e-06
1899775975,-0.573336660861969,-200.0,200,1.0479014144948451e-06
1695828706,-0.561074435710907,-200.0,200,1.717873570669326e-05
534338063,-0.41616544127464294,-200.0,200,2.2377687855623662e-07
1509906142,-0.45123422145843506,-200.0,200,4.095607118870248e-07
1940013300,-0.534329354763031,-200.0,200,3.5327448495081625e-05
736559768,-0.5151817202568054,-200.0,200,1.0069042577924847e-05
579480980,-0.42915868759155273,-200.0,200,2.0828438209719025e-08
1481925338,-0.40850013494491577,-200.0,200,1.9256103769293987e-08
1157963994,-0.40981587767601013,-200.0,200,1.1569023172341986e-07
896548759,-0.49715474247932434,-200.0,200,5.00420069329266e-07
1467361458,-0.5709956288337708,-200.0,200,3.203284377377713e-06
1659085288,-0.44064199924468994,-200.0,200,2.409178391644673e-05
1634930689,-0.4728687107563019,-200.0,200,1.1970438799835393e-06
884361511,-0.5225621461868286,-200.0,200,2.5910439944709653e-08
333517453,-0.41432082653045654,-200.0,200,4.5850219066778663e-07
615164183,-0.579095184803009,-200.0,200,4.720994479612273e-06
1860564751,-0.46520957350730896,-200.0,200,3.126274931219086e-05
662096317,-0.4949689209461212,-200.0,200,4.5392557694867716e-08
223743331,-0.5588007569313049,-200.0,200,1.7929942259797827e-08
262149089,-0.4164431691169739,-200.0,200,3.9139877117122523e-08
1510738028,-0.5766251683235168,-200.0,200,7.719227596680866e-08
733212190,-0.4316837787628174,-200.0,200,2.339884185403207e-05
1736633189,-0.40562283992767334,-200.0,200,1.2953404393556411e-06
28184338,-0.42423906922340393,-200.0,200,1.6630215668556047e-07
44491102,-0.49651122093200684,-200.0,200,7.516172900068341e-08
1675166867,-0.444445937871933,-200.0,200,1.2863201272921287e-05
794620587,-0.5492709875106812,-200.0,200,2.2894753783475606e-06
2017761745,-0.4038761854171753,-200.0,200,1.476630268371082e-07
1015782649,-0.5795326828956604,-200.0,200,6.229110144886363e-06
2082797051,-0.5580537915229797,-200.0,200,2.822412273417285e-05
1414389803,-0.4906599223613739,-200.0,200,1.0764838407339994e-08
1890946783,-0.5678651332855225,-200.0,200,1.582693130330881e-08
540983957,-0.5740181803703308,-200.0,200,5.164390449863276e-07
62900230,-0.4663464426994324,-200.0,200,6.8133089234834186e-06
1866106126,-0.5145601630210876,-200.0,200,3.424431768962677e-05
1704303131,-0.44421347975730896,-200.0,200,1.0420054263704514e-05
2127541194,-0.4882451891899109,-200.0,200,9.159593901131302e-09
589823755,-0.5842380523681641,-200.0,200,1.3145668162906077e-08
251033886,-0.40031948685646057,-200.0,200,2.1318164726835675e-08
359488949,-0.4848681390285492,-200.0,200,6.321969522105064e-08
2076584325,-0.4891975522041321,-200.0,200,5.714071439797408e-06
1503218254,-0.5970621705055237,-200.0,200,9.793985736905596e-06
799460095,-0.48474135994911194,-200.0,200,3.985037965321681e-06
1716810788,-0.42400991916656494,-200.0,200,4.231108732710709e-07
1222506307,-0.5956052541732788,-200.0,200,3.548245972524455e-05
62214025,-0.41903966665267944,-200.0,200,7.51692909943813e-07
863680353,-0.4750531315803528,-200.0,200,7.536868906754535e-09
39697541,-0.4069051146507263,-200.0,200,2.135512204404222e-08
1436783712,-0.5407455563545227,-200.0,200,2.859182995962328e-07
127175716,-0.5445917248725891,-200.0,200,2.1794238268739718e-05
470031181,-0.5332609415054321,-200.0,200,6.668026449005993e-06
1461674712,-0.5227511525154114,-200.0,200,1.5205000636342448e-08
1673826750,-0.45511922240257263,-200.0,200,1.0849803402379621e-08
1765634846,-0.5590662360191345,-200.0,200,6.858923825348028e-08
804669086,-0.5973093509674072,-200.0,200,1.1377660143807589e-05
2142787096,-0.5929170846939087,-200.0,200,1.3622654541904922e-05
1158297706,-0.4101535677909851,-200.0,200,3.910645318683237e-08
2114875522,-0.5081161260604858,-200.0,200,1.5571777566947276e-07
2094514633,-0.40778258442878723,-200.0,200,1.7896043027576523e-05
676009497,-0.5386874675750732,-200.0,200,9.229033821611665e-09
286951238,-0.4036976397037506,-200.0,200,7.141487594708451e-07
757091127,-0.5795626640319824,-200.0,200,2.5595886927476386e-05
1067571711,-0.5194408893585205,-200.0,200,2.8342798259473057e-06
959578365,-0.540789008140564,-200.0,200,1.4928523341950494e-08
1999706412,-0.5988947153091431,-200.0,200,6.538899924635188e-08
1777497466,-0.5137041807174683,-200.0,200,1.2820753108826465e-05
1698690315,-0.5958848595619202,-200.0,200,1.3748571777796315e-05
283891584,-0.4456702768802643,-200.0,200,1.7067413864424452e-08
2140628939,-0.5502045750617981,-200.0,200,2.2252643248066307e-08
1905571719,-0.5072963237762451,-200.0,200,1.4949802789487877e-07
1507025202,-0.46756550669670105,-200.0,200,8.713156080375484e-06
1139533285,-0.4781205654144287,-200.0,200,1.3325511090442888e-05
1603071274,-0.46215400099754333,-200.0,200,1.0819756139426318e-05
726216177,-0.5169646143913269,-200.0,200,6.895138540130574e-09
908793517,-0.46137866377830505,-200.0,200,6.388470410456649e-08
45731334,-0.5575116872787476,-200.0,200,1.256206771813595e-05
590921644,-0.5327638983726501,-200.0,200,7.033346855678247e-07
460289067,-0.5016988515853882,-200.0,200,5.252673608993064e-06
1269921670,-0.45030590891838074,-200.0,200,1.724274502521439e-06
790021068,-0.5401381850242615,-200.0,200,1.2663755192079408e-05
1014143662,-0.4548214077949524,-200.0,200,4.547779080894543e-06
442769226,-0.5084407329559326,-200.0,200,1.3608439453491882e-05
682134956,-0.5575730800628662,-200.0,200,4.4775180867873133e-07
51648591,-0.5669224262237549,-200.0,200,7.009980436123442e-08
978342577,-0.5777841806411743,-200.0,200,1.4063694165997732e-05
1141369555,-0.5482349991798401,-200.0,200,2.4898512356230638e-06
1683321023,-0.5222862958908081,-200.0,200,1.651391721679829e-07
170786947,-0.5732989311218262,-200.0,200,2.1875499164707435e-05
2074962590,-0.5961061716079712,-200.0,200,1.5297129948521616e-06
1092208806,-0.41322070360183716,-200.0,200,1.7895026758196764e-08
1126034280,-0.5089367032051086,-200.0,200,8.600090950494632e-08
1460003813,-0.5394691228866577,-200.0,200,7.0057994753369715e-06
1315879961,-0.4293249249458313,-200.0,200,1.717893876048038e-05
388834170,-0.592004656791687,-200.0,200,4.0042401906248414e-07
2103486000,-0.429214745759964,-200.0,200,1.4123559139989083e-07
1798514278,-0.5461719036102295,-200.0,200,2.1158641475267357e-05
1132077426,-0.41050776839256287,-200.0,200,5.052072629041504e-07
1108542909,-0.5091853141784668,-200.0,200,4.540784175333101e-08
506410002,-0.5926799774169922,-200.0,200,4.943569183524233e-07
433883232,-0.5438112020492554,-200.0,200,1.538688219170581e-05
876370241,-0.49562516808509827,-200.0,200,1.3422472875390668e-08
1651329870,-0.5687602162361145,-200.0,200,3.37679226322507e-05
335574990,-0.5520647168159485,-200.0,200,3.370934841768758e-06
582471298,-0.4383222162723541,-200.0,200,1.5934651855786796e-08
666498027,-0.5488008856773376,-200.0,200,1.36072685563704e-08
234259789,-0.5370668172836304,-200.0,200,9.623568075767253e-09
1092397515,-0.47442707419395447,-200.0,200,9.936352907971014e-06
1653591166,-0.5787339210510254,-200.0,200,2.37556073898304e-06
1946737258,-0.5589839220046997,-200.0,200,2.0304230019974056e-07
1476802044,-0.5066132545471191,-200.0,200,2.9481688138730532e-05
579291399,-0.5444223880767822,-200.0,200,9.221794243785552e-09
138963631,-0.41547611355781555,-200.0,200,3.2293223739543465e-08
1806680894,-0.5164670944213867,-200.0,200,1.0334946637158282e-07
880192855,-0.4349747896194458,-200.0,200,1.3367914107220712e-07
1588128441,-0.47571417689323425,-200.0,200,3.0484408325719416e-05
462798161,-0.4519609212875366,-200.0,200,2.102071448462084e-08
58110646,-0.5162906050682068,-200.0,200,2.0261682038835717e-08
393162904,-0.4998631775379181,-200.0,200,7.325280239456333e-07
1186153839,-0.49692267179489136,-200.0,200,6.747751294824411e-06
403642443,-0.5885682702064514,-200.0,200,1.6251537781499793e-05
1328426093,-0.5291017889976501,-200.0,200,5.258313422018546e-07
2022758126,-0.4446624219417572,-200.0,200,5.9153080655960366e-08
251272463,-0.4671882390975952,-200.0,200,4.751424057758413e-08
1142866151,-0.4116973876953125,-200.0,200,1.1289470808151237e-05
2015194475,-0.44921645522117615,-200.0,200,2.1186661451793044e-05
1461247254,-0.5600684881210327,-200.0,200,1.1009519766957964e-08
176384359,-0.44786378741264343,-200.0,200,1.551407422084594e-08
1068257796,-0.43416979908943176,-200.0,200,5.9534963838814294e-08
638664618,-0.4270094037055969,-200.0,200,4.2598501872816994e-05
1654775623,-0.4545707702636719,-200.0,200,1.354819232801674e-08
1924923356,-0.48119452595710754,-200.0,200,6.430673238355667e-09
1715786898,-0.4287756681442261,-200.0,200,9.871769179881085e-09
1509979818,-0.5155696868896484,-200.0,200,4.3371683204895815e-08
1119687049,-0.46478596329689026,-200.0,200,1.5192355203907938e-06
1863925302,-0.4485199451446533,-200.0,200,1.8735198677859445e-05
324791950,-0.40989625453948975,-200.0,200,3.639433002717851e-06
997019712,-0.4227496087551117,-200.0,200,2.7050141397921834e-08
119706774,-0.5392890572547913,-200.0,200,1.074698699540022e-05
1720333594,-0.44210660457611084,-200.0,200,1.5817844951016013e-05
1962728209,-0.5463896989822388,-200.0,200,2.195293745899107e-08
738003597,-0.5117955803871155,-200.0,200,2.0294078240112868e-08
365397845,-0.4159245193004608,-200.0,200,5.27350266565918e-08
948110105,-0.5859144330024719,-200.0,200,5.8273895365346104e-05
745470743,-0.5284774303436279,-200.0,200,5.868686321264249e-07
690247382,-0.4613572359085083,-200.0,200,8.614379112259485e-09
1964161650,-0.5304598212242126,-200.0,200,1.3888343346479815e-08
1488736618,-0.584270179271698,-200.0,200,8.476979110128013e-07
1795402960,-0.5555633306503296,-200.0,200,4.016246134597168e-06
527419704,-0.49461784958839417,-200.0,200,1.1047615316783777e-07
745675754,-0.4138346016407013,-200.0,200,1.187083417789836e-05
1630510830,-0.44775211811065674,-200.0,200,2.562223153290688e-07
1310253044,-0.4041285216808319,-200.0,200,3.2418468208561534e-06
1990267217,-0.578921377658844,-200.0,200,3.0726035934094395e-05
1428008295,-0.5454251170158386,-200.0,200,1.7895822566060816e-08
1285815472,-0.5949474573135376,-200.0,200,1.1981505849689711e-08
1006175872,-0.4281012713909149,-200.0,200,1.1102520147687756e-08
1057089811,-0.49033933877944946,-200.0,200,3.120341561952955e-06
178235596,-0.5026882290840149,-200.0,200,8.276397634290334e-06
152308232,-0.5881508588790894,-200.0,200,2.223281018814305e-05
80850798,-0.4932697117328644,-200.0,200,1.418467036273796e-08
871325135,-0.5343295335769653,-200.0,200,2.1213911622908198e-07
608985870,-0.46798792481422424,-200.0,200,1.0699952508730348e-06
1135538904,-0.45786890387535095,-200.0,200,8.418894594797167e-08
879987613,-0.5489906072616577,-200.0,200,3.4029038201879305e-05
2075433353,-0.5440128445625305,-200.0,200,6.598931258849916e-07
1032857842,-0.5436088442802429,-200.0,200,7.767262104607653e-09
905530219,-0.55702805519104,-200.0,200,1.6890547613002127e-07
1091464739,-0.5847477912902832,-200.0,200,9.61277854457876e-06
647663995,-0.4556376338005066,-200.0,200,2.881948670165002e-05
1190041087,-0.5469034910202026,-200.0,200,7.3681258072610946e-09
1391579458,-0.4579596221446991,-200.0,200,1.1089496183558368e-08
1865953966,-0.44094881415367126,-200.0,200,1.8757605175778737e-08
1175624527,-0.4182378351688385,-200.0,200,5.042325437898399e-07
1869490774,-0.48810142278671265,-200.0,200,8.928832462515857e-06
2129008896,-0.45669764280319214,-200.0,200,7.506640895371675e-07
1942040104,-0.5312888026237488,-200.0,200,5.25858149103442e-06
1889301238,-0.5245406627655029,-200.0,200,8.894359293663001e-06
818491715,-0.5365250706672668,-200.0,200,1.9711513964466576e-05
1214629547,-0.42890211939811707,-200.0,200,9.309685992775485e-08
18619665,-0.5671597123146057,-200.0,200,3.711643785209162e-08
103833471,-0.46261951327323914,-200.0,200,2.704738471948076e-07
238532687,-0.43938255310058594,-200.0,200,1.6215393134189072e-05
1755707413,-0.597145676612854,-200.0,200,2.854749977814208e-06
1142904260,-0.502804160118103,-200.0,200,4.807022378372494e-08
1329448170,-0.45588698983192444,-200.0,200,7.603132917211042e-07
1590472530,-0.4294266104698181,-200.0,200,2.621768474000419e-05
1826377208,-0.4530654847621918,-200.0,200,5.6907856560428626e-08
1117021220,-0.5770927667617798,-200.0,200,7.092913619999308e-08
1529229345,-0.5823533535003662,-200.0,200,4.6082118387857915e-08
804526132,-0.592783510684967,-200.0,200,1.518769444373902e-05
420498410,-0.5965535044670105,-200.0,200,1.5759228517708836e-08
1999799622,-0.5568550825119019,-200.0,200,1.0755471976153785e-07
1278188122,-0.556922197341919,-200.0,200,1.6512186825821117e-05
301975873,-0.5012521743774414,-200.0,200,1.5801667814230312e-07
1448888071,-0.4988984763622284,-200.0,200,9.824667813518318e-08
1069844670,-0.41403645277023315,-200.0,200,6.98724907124415e-06
794744135,-0.400063693523407,-200.0,200,1.5642754196960594e-05
617492885,-0.5018772482872009,-200.0,200,8.825369468468125e-07
970715408,-0.5336391925811768,-200.0,200,4.360685124993324e-08
1813009372,-0.5062718987464905,-200.0,200,1.2065841438015924e-05
1769138746,-0.5379145741462708,-200.0,200,3.4722242162388286e-07
297706920,-0.4688531458377838,-200.0,200,4.9070468003264975e-06
1468701655,-0.574164867401123,-200.0,200,1.6909971232053068e-05
132832780,-0.5430752038955688,-200.0,200,8.169399734470062e-08
459269591,-0.5107206702232361,-200.0,200,7.68086283642333e-08
1812590952,-0.5698120594024658,-200.0,200,3.786029492403031e-07
1514918796,-0.5485765933990479,-200.0,200,7.332598587254324e-05
650531531,-0.5494003295898438,-200.0,200,7.0078158387332225e-09
1311730342,-0.536384105682373,-200.0,200,7.027115316304844e-09
2015526852,-0.517564058303833,-200.0,200,5.7130409913952465e-09
205732631,-0.5055603384971619,-200.0,200,2.1990385903336575e-08
2118459827,-0.48642414808273315,-200.0,200,3.026278591278242e-08
817709945,-0.48493894934654236,-200.0,200,5.253306562735816e-07
966964744,-0.5396150946617126,-200.0,200,1.8113773135155496e-05
2059362900,-0.416762113571167,-200.0,200,3.7657239772670435e-07
1919550214,-0.5716884732246399,-200.0,200,3.3456438086432172e-06
875302244,-0.5530626177787781,-200.0,200,8.724174635972304e-06
1921745047,-0.5625606179237366,-200.0,200,1.0513866072869859e-07
1522240876,-0.466046541929245,-200.0,200,5.3669561384595e-06
822651954,-0.4228726327419281,-200.0,200,1.2502558274718466e-05
61498290,-0.4744381308555603,-200.0,200,3.5005164136237e-08
1945955112,-0.5247716903686523,-200.0,200,1.6868663442437536e-06
322439851,-0.47733497619628906,-200.0,200,1.6131476040754933e-05
709623520,-0.4279390275478363,-200.0,200,4.071589555678656e-06
1185224649,-0.44138696789741516,-200.0,200,8.334929134434788e-08
1262142798,-0.4865874946117401,-200.0,200,2.7347791824468004e-05
176867308,-0.48654672503471375,-200.0,200,1.445931146008661e-05
1241685700,-0.41919565200805664,-200.0,200,7.952253326948266e-09
798705462,-0.5791264176368713,-200.0,200,1.882563537947135e-08
2001804932,-0.43201303482055664,-200.0,200,5.1996967158629556e-08
1648023794,-0.5087113976478577,-200.0,200,1.6956701074377634e-08
1233675441,-0.45301058888435364,-200.0,200,2.116678625498025e-05
559373966,-0.46238046884536743,-200.0,200,4.674745091506338e-06
2079543068,-0.493449866771698,-200.0,200,8.448632797808387e-09
882909226,-0.5481633543968201,-200.0,200,3.6074998206458983e-08
464283706,-0.5580556392669678,-200.0,200,4.2886340270342775e-06
700590648,-0.5484170913696289,-200.0,200,1.6740480259613833e-06
338193830,-0.5952725410461426,-200.0,200,1.0143656209038453e-05
397244694,-0.44194304943084717,-200.0,200,6.598792651857366e-06
1588880540,-0.46901243925094604,-200.0,200,6.200435473147081e-07
1120727098,-0.49569758772850037,-200.0,200,1.3062665361758263e-05
1407118916,-0.5187743306159973,-200.0,200,1.5585349788125315e-05
1426632264,-0.562017023563385,-200.0,200,1.0980099796142895e-06
1535648867,-0.4855772852897644,-200.0,200,1.748466274875682e-08
468242587,-0.49929964542388916,-200.0,200,1.9805939018624485e-06
1023745167,-0.49820229411125183,-200.0,200,5.176937902433565e-06
1306639959,-0.4377727210521698,-200.0,200,5.7817844526653065e-06
2146081833,-0.562083899974823,-200.0,200,9.41924348808243e-06
1475403652,-0.4278414845466614,-200.0,200,3.7656967742805138e-06
256273973,-0.4607781171798706,-200.0,200,2.16829519104067e-06
833570727,-0.5732244849205017,-200.0,200,1.3070810291537783e-06
1704257713,-0.5491119027137756,-200.0,200,4.660163528114936e-05
453000617,-0.4240471422672272,-200.0,200,2.0841707737417892e-08
811360273,-0.5050502419471741,-200.0,200,9.224077075487002e-09
1490184349,-0.5733622908592224,-200.0,200,1.41347254611901e-08
179104759,-0.4329351782798767,-200.0,200,3.166540864185663e-08
368976306,-0.5649253726005554,-200.0,200,2.3885208065621556e-07
581730198,-0.5666370987892151,-200.0,200,1.0108081110047351e-05
813914541,-0.5637704730033875,-200.0,200,2.5642122814133473e-05
1931728750,-0.5904210209846497,-200.0,200,8.325532689923421e-09
1894618110,-0.4770132601261139,-200.0,200,1.8202513274445664e-08
1567760509,-0.5038414597511292,-200.0,200,3.150530574203003e-08
172682451,-0.5291672348976135,-200.0,200,5.6424668991894576e-05
300403117,-0.46748775243759155,-200.0,200,2.073766272587818e-06
996991368,-0.5648179054260254,-200.0,200,1.3620169738715049e-08
342570017,-0.5767803192138672,-200.0,200,1.0457320058776531e-08
1236339348,-0.5019721984863281,-200.0,200,2.3187103579402903e-08
1233005086,-0.5152260661125183,-200.0,200,1.0501387350814185e-07
332432961,-0.4389781057834625,-200.0,200,2.774960648821434e-08
958594040,-0.5390134453773499,-200.0,200,8.970381968538276e-06
280029615,-0.518990695476532,-200.0,200,5.087962672405411e-06
716274074,-0.5259509086608887,-200.0,200,2.7525828136276687e-06
362258078,-0.5533665418624878,-200.0,200,2.477765990079206e-05
127703872,-0.5881087779998779,-200.0,200,3.0962919481680725e-08
245422031,-0.4743606150150299,-200.0,200,2.659419806150254e-08
853426588,-0.47281232476234436,-200.0,200,7.639834166184301e-08
1763862838,-0.4661540687084198,-200.0,200,3.533391948167264e-05
1179682352,-0.4456254541873932,-200.0,200,2.6330079872423085e-05
160127734,-0.5539706349372864,-200.0,200,6.4159485191339626e-09
1959477174,-0.5092922449111938,-200.0,200,5.780325409432407e-09
1916457021,-0.5898662805557251,-200.0,200,7.559165169368497e-09
560522353,-0.5885229110717773,-200.0,200,5.926049198023975e-08
1684409371,-0.5372613668441772,-200.0,200,1.5143413520490868e-06
1222530910,-0.5414118766784668,-200.0,200,8.512932854500832e-06
1450777486,-0.5155418515205383,-200.0,200,2.6768418911160553e-06
791923674,-0.4280240833759308,-200.0,200,8.26407076601754e-06
2090877390,-0.5580185055732727,-200.0,200,4.891839876108861e-06
2084453794,-0.5565760731697083,-200.0,200,3.917495946552662e-06
2099276595,-0.5976771712303162,-200.0,200,1.3122179325364414e-06
290743698,-0.5242584347724915,-200.0,200,3.462296768248052e-05
293652597,-0.5769679546356201,-200.0,200,5.611169926851289e-06
272861477,-0.498212605714798,-200.0,200,8.649512892588973e-09
827646308,-0.5113956332206726,-200.0,200,1.7831288005254463e-07
1125763809,-0.4527851343154907,-200.0,200,3.660381480585784e-08
2058769644,-0.5767786502838135,-200.0,200,2.3443308236892334e-08
401728797,-0.4113702178001404,-200.0,200,2.6639291527317254e-05
1718726554,-0.5460918545722961,-200.0,200,2.0824204343625753e-05
2098400604,-0.5605823993682861,-200.0,200,1.160176907433197e-08
1202322424,-0.5452439188957214,-200.0,200,2.173117536585778e-08
938673794,-0.41454488039016724,-200.0,200,2.193950422224589e-08
848342186,-0.4449079930782318,-200.0,200,5.542534481719486e-06
111620360,-0.4126041531562805,-200.0,200,3.47891999354033e-06
62335816,-0.4225846230983734,-200.0,200,2.966664396808483e-07
1558511538,-0.5809037089347839,-200.0,200,6.278786786424462e-06
2116390353,-0.5891038179397583,-200.0,200,4.9625851670498375e-06
1202108264,-0.4440827965736389,-200.0,200,1.943499692060868e-06
2010227372,-0.5645416975021362,-200.0,200,8.040386626817053e-05
689570136,-0.40297913551330566,-200.0,200,2.0169445633655415e-08
1601332893,-0.5665585994720459,-200.0,200,8.575771062169224e-09
2091635326,-0.5787503123283386,-200.0,200,7.709099918429275e-09
1544755070,-0.5978454351425171,-200.0,200,1.5530590644630137e-08
61205549,-0.5884361267089844,-200.0,200,2.6456718842382544e-08
1647086706,-0.5790373086929321,-200.0,200,3.685137471620692e-08
1320242803,-0.43816399574279785,-200.0,200,6.551971036969917e-06
466308317,-0.40597081184387207,-200.0,200,2.7542281563910365e-05
1184119952,-0.5120050311088562,-200.0,200,1.1501238077471499e-08
438351376,-0.5632777214050293,-200.0,200,8.076231097220443e-09
1524297218,-0.5402814149856567,-200.0,200,3.690489029395394e-07
239605392,-0.5762962698936462,-200.0,200,1.1231832022531307e-05
2061033748,-0.42120465636253357,-200.0,200,1.416811483068159e-07
1911530641,-0.5745152235031128,-200.0,200,1.814210485918011e-05
1504641744,-0.5494416952133179,-200.0,200,3.7622659601765917e-06
1033972639,-0.513012170791626,-200.0,200,4.596608050633222e-08
2091227611,-0.45893681049346924,-200.0,200,6.204393635016459e-06
1965657069,-0.4727112650871277,-200.0,200,4.836257930946886e-06
523274166,-0.5848543047904968,-200.0,200,1.4841237543805618e-06
1343428805,-0.4163953363895416,-200.0,200,6.010544520904659e-06
1825766540,-0.4859391152858734,-200.0,200,6.949331473151687e-06
272620892,-0.45042091608047485,-200.0,200,1.1479620434329263e-06
872718814,-0.5440889596939087,-200.0,200,2.982331318435172e-05
1939936474,-0.5265448689460754,-200.0,200,5.705112153009395e-07
703219106,-0.5766187906265259,-200.0,200,1.4240522432373837e-08
547618008,-0.4048064649105072,-200.0,200,9.511912139714696e-08
1350856271,-0.5126558542251587,-200.0,200,4.42951707100292e-06
2007887395,-0.5060436129570007,-200.0,200,2.399519671598682e-06
1161821037,-0.42422524094581604,-200.0,200,4.937411417813564e-06
393028589,-0.5091753602027893,-200.0,200,8.651242442283547e-06
503958266,-0.5179474949836731,-200.0,200,1.2602697515831097e-05
480813035,-0.5160556435585022,-200.0,200,1.6822982615849468e-08
1693537425,-0.4733981490135193,-200.0,200,6.294742843238055e-07
1507445334,-0.5338543653488159,-200.0,200,1.3096152774778603e-05
92822094,-0.48674118518829346,-200.0,200,2.3637383992536343e-06
1343080891,-0.46416419744491577,-200.0,200,5.8484632700128715e-06
382650865,-0.4754866063594818,-200.0,200,1.6269568413918024e-06
530558328,-0.47070765495300293,-200.0,200,6.338340998354397e-05
221861429,-0.40717455744743347,-200.0,200,1.3508277834262117e-06
347482592,-0.5931357145309448,-200.0,200,7.642656782991253e-09
156463202,-0.4810970425605774,-200.0,200,7.073317647154908e-09
1774962831,-0.4381624758243561,-200.0,200,8.488136700179894e-09
1043860410,-0.47267043590545654,-200.0,200,5.3868684517510703e-08
2132118060,-0.5976459980010986,-200.0,200,5.611859019154508e-06
326166775,-0.4106322228908539,-200.0,200,1.4933639554328693e-05
2109142998,-0.5390737652778625,-200.0,200,1.0446271062392043e-07
839081911,-0.4705042243003845,-200.0,200,8.037412499106722e-08
913166429,-0.5531521439552307,-200.0,200,5.2559587038558675e-06
1895387706,-0.5182623267173767,-200.0,200,1.266317995487043e-05
776225196,-0.5675628781318665,-200.0,200,4.1245957618230026e-08
552647806,-0.525934636592865,-200.0,200,1.4895744698151248e-07
2090864885,-0.46199679374694824,-200.0,200,2.12299079839795e-05
800204294,-0.446367084980011,-200.0,200,4.77575860259094e-05
182493854,-0.5668742656707764,-200.0,200,8.192646419047378e-09
855123779,-0.4768795371055603,-200.0,200,7.120083864720072e-09
540046928,-0.5544649362564087,-200.0,200,1.156799953605514e-08
1698780097,-0.526695191860199,-200.0,200,9.653554116084706e-09
148602329,-0.5139792561531067,-200.0,200,4.4350166263029677e-07
2011212402,-0.5662825703620911,-200.0,200,8.17401871245238e-06
344890644,-0.4580841064453125,-200.0,200,8.580102758060093e-07
2140840617,-0.40218666195869446,-200.0,200,1.411165326317132e-06
161671250,-0.4248557984828949,-200.0,200,1.1126051208520949e-05
1097324288,-0.42359209060668945,-200.0,200,9.399007331012399e-07
916125787,-0.4096103608608246,-200.0,200,1.3006626782043895e-05
1138048552,-0.43605324625968933,-200.0,200,7.625667540196446e-06
1582473323,-0.5659785866737366,-200.0,200,1.1844928167192847e-06
1150418231,-0.5247982740402222,-200.0,200,3.111392657046963e-06
1904387765,-0.5022544264793396,-200.0,200,1.868191243374895e-06
737944270,-0.4349904954433441,-200.0,200,3.1289541539081257e-06
1494229268,-0.4377310872077942,-200.0,200,3.096566950716806e-05
2129493336,-0.4695935845375061,-200.0,200,8.448510016023648e-09
322929324,-0.5377082824707031,-200.0,200,5.447052899398841e-08
1293258878,-0.4832145571708679,-200.0,200,9.315613033322734e-07
1702563966,-0.5143101215362549,-200.0,200,6.049058724784118e-06
538161451,-0.4621778428554535,-200.0,200,5.147594947629841e-07
1339569726,-0.47179561853408813,-200.0,200,3.186191329405119e-05
944075725,-0.5756089687347412,-200.0,200,1.3245471564005128e-08
1591633249,-0.4834786355495453,-200.0,200,9.595223673386499e-09
1162584857,-0.4737547039985657,-200.0,200,8.585627256252337e-08
1740596986,-0.5588632822036743,-200.0,200,1.937793058459647e-07
877660690,-0.5840011835098267,-200.0,200,2.2396819736059116e-05
963640950,-0.4400555491447449,-200.0,200,2.8509703042800538e-08
1594982553,-0.5878546237945557,-200.0,200,2.1256246327538976e-08
1940917547,-0.4167415201663971,-200.0,200,3.7443800010805717e-07
543568799,-0.49412545561790466,-200.0,200,2.0143540618846602e-05
1335560080,-0.5147185921669006,-200.0,200,7.627395916642854e-08
156956391,-0.5488597750663757,-200.0,200,1.9666601656354034e-06
1695890000,-0.418199360370636,-200.0,200,1.9941468690376495e-06
1550062513,-0.5880229473114014,-200.0,200,1.829399375310459e-05
960683027,-0.5550397634506226,-200.0,200,2.5692620511108543e-08
4018799,-0.4046901762485504,-200.0,200,1.0720633481469122e-05
1048805513,-0.5024280548095703,-200.0,200,1.126422007473593e-06
888419099,-0.4662291407585144,-200.0,200,1.8259247417518055e-05
1967851446,-0.5730164647102356,-200.0,200,9.432124857085e-06
1782073983,-0.4272822141647339,-200.0,200,9.111759027291555e-09
227413570,-0.5604662895202637,-200.0,200,1.5192022146948148e-08
2113908727,-0.495319128036499,-200.0,200,1.524764229543507e-08
152196094,-0.4090576171875,-200.0,200,9.03196227227454e-06
1900054281,-0.40437525510787964,-200.0,200,2.395851177880104e-05
1529310944,-0.5543582439422607,-200.0,200,1.4429933798965066e-08
1476407903,-0.5609737634658813,-200.0,200,4.414884642756078e-08
733238484,-0.5144343376159668,-200.0,200,1.7210390979016667e-08
1714686326,-0.4321577250957489,-200.0,200,6.617080630348937e-06
541234561,-0.42757487297058105,-200.0,200,2.274278715503897e-05
1141206831,-0.4896851181983948,-200.0,200,1.0227595339529217e-08
196176024,-0.599786639213562,-200.0,200,1.703815541986842e-08
989690429,-0.580331027507782,-200.0,200,1.8083297163684618e-07
409461537,-0.5504189133644104,-200.0,200,2.994853884956683e-06
69671560,-0.4616081416606903,-200.0,200,1.9002154199370126e-05
1748304900,-0.41957148909568787,-200.0,200,1.836150158851524e-07
16621166,-0.4381238520145416,-200.0,200,2.824387461259903e-06
1803129493,-0.4668011963367462,-200.0,200,8.207705909626385e-06
953333270,-0.40165549516677856,-200.0,200,1.3748296728408605e-05
653946060,-0.5256068110466003,-200.0,200,1.3878834579372779e-08
472389217,-0.4265325665473938,-200.0,200,6.635390382143669e-06
435486025,-0.48163315653800964,-200.0,200,3.673858659567486e-06
1371043401,-0.4217095673084259,-200.0,200,8.906129974093346e-06
511989065,-0.491784006357193,-200.0,200,4.543278828350594e-07
2073130911,-0.4402313232421875,-200.0,200,1.978808545572974e-06
72876538,-0.42327064275741577,-200.0,200,2.9876551525376272e-05
1611434657,-0.5968639850616455,-200.0,200,1.8303164279132034e-06
158355356,-0.4439021348953247,-200.0,200,3.1553190638078375e-08
1983349997,-0.43486425280570984,-200.0,200,3.920880185432907e-06
592002233,-0.4974328577518463,-200.0,200,4.272579640201002e-06
1589510655,-0.4715980589389801,-200.0,200,5.8565633480611724e-08
697404612,-0.42208221554756165,-200.0,200,6.52086338504887e-06
647247703,-0.5729146599769592,-200.0,200,1.1458693929853325e-05
294060809,-0.5532661080360413,-200.0,200,5.366755931390799e-07
1148296321,-0.5797438025474548,-200.0,200,1.4350372630360653e-05
1761614284,-0.5973703265190125,-200.0,200,9.179289463645545e-08
1483630685,-0.4252275228500366,-200.0,200,1.2313903880567522e-07
497324275,-0.4876353144645691,-200.0,200,1.3657266458722006e-05
297986255,-0.424140065908432,-200.0,200,2.5133880672001394e-06
1428075981,-0.45313259959220886,-200.0,200,1.3547796697821467e-08
2032531569,-0.5282657742500305,-200.0,200,4.0351648012801886e-05
1295331236,-0.5480564832687378,-200.0,200,8.468004762107739e-07
43646104,-0.48184946179389954,-200.0,200,9.997861525334883e-09
1487790772,-0.566518247127533,-200.0,200,4.587545845424756e-08
972599614,-0.5814870595932007,-200.0,200,7.87385488365544e-08
1963549811,-0.44815793633461,-200.0,200,7.014581251496565e-07
1483014188,-0.5663937926292419,-200.0,200,1.863068176589877e-05
1925586601,-0.5655081272125244,-200.0,200,1.0093879154737806e-07
16711513,-0.4397243559360504,-200.0,200,1.9123654055874794e-07
1946268433,-0.5964987277984619,-200.0,200,1.8388085659353238e-05
1845588043,-0.5595868229866028,-200.0,200,4.8224810598185284e-08
1780017038,-0.4886971712112427,-200.0,200,2.8909357752127107e-08
645240596,-0.48542776703834534,-200.0,200,2.5968333602577332e-06
1336068319,-0.4299735724925995,-200.0,200,2.0385902453199377e-05
350456994,-0.40117567777633667,-200.0,200,3.6393535083334425e-08
1595102405,-0.5196533799171448,-200.0,200,2.2352456744556547e-06
619636199,-0.4415593445301056,-200.0,200,4.2966303340108425e-05
1454301535,-0.5805988907814026,-200.0,200,7.748139978502877e-09
1085203209,-0.41212818026542664,-200.0,200,6.448367457778659e-09
1354207902,-0.40079477429389954,-200.0,200,1.455160145269474e-08
342269993,-0.5218199491500854,-200.0,200,1.8371235000813612e-07
1263712089,-0.42377233505249023,-200.0,200,7.150460078264587e-08
1971261586,-0.4432523250579834,-200.0,200,1.6358564439542535e-05
1417574468,-0.5405880808830261,-200.0,200,1.7882495285448385e-07
1392485320,-0.47901538014411926,-200.0,200,2.2291828827292193e-08
1690957986,-0.5435063242912292,-200.0,200,3.3738333604560464e-06
677976285,-0.42708128690719604,-200.0,200,1.6294735382871294e-05
1042830119,-0.5161677598953247,-200.0,200,8.515088684362126e-06
85725054,-0.5313786864280701,-200.0,200,2.352668161620386e-08
586713330,-0.5512367486953735,-200.0,200,1.359487848731078e-05
1171224342,-0.43780750036239624,-200.0,200,5.317628829288879e-06
1963377823,-0.5095188021659851,-200.0,200,1.8394966900814324e-07
1545665446,-0.48085373640060425,-200.0,200,1.4476610886049456e-07
206009445,-0.4716570973396301,-200.0,200,3.126797347249521e-05
518298586,-0.4558212459087372,-200.0,200,1.960347617568914e-08
1107740768,-0.5090572834014893,-200.0,200,6.741361175954808e-08
598319698,-0.5722374320030212,-200.0,200,2.308986495336285e-08
496792284,-0.5699796676635742,-200.0,200,4.505998949753121e-06
21824146,-0.5890983939170837,-200.0,200,1.013742431950959e-05
1769739639,-0.5355539917945862,-200.0,200,3.681703788060986e-06
917796259,-0.4908345937728882,-200.0,200,1.5360159750343882e-05
955387184,-0.46811017394065857,-200.0,200,1.9114881979476195e-08
1920669015,-0.5409463047981262,-200.0,200,4.00293556140241e-06
1987238788,-0.4880829155445099,-200.0,200,6.612553424929501e-06
196663532,-0.5153506994247437,-200.0,200,1.4441730854741764e-07
1815546764,-0.4934934079647064,-200.0,200,1.3292481207827222e-06
167410818,-0.4358275532722473,-200.0,200,1.9102327682958277e-05
199282709,-0.5489845275878906,-200.0,200,1.6162773863470648e-06
1036556939,-0.5427770614624023,-200.0,200,3.6005258152727035e-08
60012316,-0.4882996082305908,-200.0,200,2.4329690700142236e-05
426831861,-0.5117747783660889,-200.0,200,4.906840786134126e-08
1416679702,-0.44226762652397156,-200.0,200,2.535414296289673e-08
720952706,-0.42607226967811584,-200.0,200,2.406843577773543e-07
1308070704,-0.5369303822517395,-200.0,200,4.164926411704073e-05
1967184776,-0.5898082852363586,-200.0,200,1.31027945826645e-08
654482111,-0.4527161419391632,-200.0,200,8.101610546873417e-09
387616040,-0.5698975920677185,-200.0,200,3.9084916352294386e-07
1648594367,-0.4021449387073517,-200.0,200,4.3370686398702673e-07
2106244024,-0.5800896286964417,-200.0,200,6.2459457058139375e-06
571084440,-0.45769718289375305,-200.0,200,6.354048309731297e-08
518177563,-0.4697006046772003,-200.0,200,7.402403271044022e-06
990786479,-0.4692850112915039,-200.0,200,1.65524758722313e-05
642735377,-0.40026816725730896,-200.0,200,2.114435119437985e-08
1332403142,-0.4365391135215759,-200.0,200,2.8249154638615436e-07
1174859052,-0.44289425015449524,-200.0,200,2.443665472128487e-05
1612128617,-0.5661287307739258,-200.0,200,7.102419431248564e-07
536340698,-0.4162408709526062,-200.0,200,5.1668439482455144e-08
840686383,-0.5602133274078369,-200.0,200,4.982183600077406e-07
68017397,-0.5727837085723877,-200.0,200,5.156182501195872e-06
1302848549,-0.43123599886894226,-200.0,200,1.6942546767495515e-05
1229156432,-0.4815674126148224,-200.0,200,5.383407233239268e-06
1492386491,-0.5767917037010193,-200.0,200,6.275840405578492e-08
1437018368,-0.5083903074264526,-200.0,200,9.3623447810387e-07
2073435949,-0.49272769689559937,-200.0,200,3.757405463147734e-05
1775748870,-0.49663981795310974,-200.0,200,1.228666860697558e-08
1437272655,-0.457035094499588,-200.0,200,1.8625182747200597e-08
1336589616,-0.5732885003089905,-200.0,200,1.2059967957611662e-08
210616439,-0.4445649981498718,-200.0,200,1.2536104759419685e-06
551559592,-0.554413378238678,-200.0,200,5.725705959775951e-06
2012408580,-0.5920279026031494,-200.0,200,7.688351652177516e-06
1965197211,-0.5009348392486572,-200.0,200,1.818369164993783e-05
1520565763,-0.538497269153595,-200.0,200,1.9842995820908983e-05
1684152593,-0.41949012875556946,-200.0,200,1.0597163964121137e-08
202972789,-0.4349154829978943,-200.0,200,1.7610004761081654e-08
466547455,-0.45254841446876526,-200.0,200,3.58731949745561e-08
1059801315,-0.518509030342102,-200.0,200,5.81526646783459e-06
1840086582,-0.4893692135810852,-200.0,200,4.494335698836949e-06
641215584,-0.44539692997932434,-200.0,200,2.050713777407509e-05
156144985,-0.4933982193470001,-200.0,200,3.9754733279551145e-07
649386411,-0.47356465458869934,-200.0,200,2.2807312689110403e-07
1725347119,-0.407694548368454,-200.0,200,7.544406798842829e-08
575718386,-0.5056360363960266,-200.0,200,2.4506549839315993e-05
562580953,-0.5911562442779541,-200.0,200,2.41342031131353e-06
728975577,-0.4553345739841461,-200.0,200,5.24058395967586e-08
1370353602,-0.4077173173427582,-200.0,200,1.8508377752368688e-06
1761669846,-0.4795090854167938,-200.0,200,5.122923926137446e-06
1723164467,-0.5046753287315369,-200.0,200,2.0219960333633935e-07
729335004,-0.5040480494499207,-200.0,200,1.025569413741323e-05
1973506206,-0.5811828970909119,-200.0,200,3.432420635363087e-07
1271534380,-0.5236828327178955,-200.0,200,2.8436909792617372e-05
652694541,-0.4147769808769226,-200.0,200,6.146115083538462e-09
790711142,-0.5582430958747864,-200.0,200,1.7619686332182027e-08
2118981633,-0.47539591789245605,-200.0,200,2.384822346357396e-07
1804545233,-0.42924919724464417,-200.0,200,8.862826853146543e-06
2008633991,-0.4725998640060425,-200.0,200,3.7108946071384708e-06
552585346,-0.45616766810417175,-200.0,200,7.4088980773012736e-06
1056001739,-0.466417521238327,-200.0,200,1.3020132141718932e-05
557565574,-0.5880071520805359,-200.0,200,5.850351499248063e-08
1654804971,-0.4163345992565155,-200.0,200,2.7853288429469105e-07
291443240,-0.5194705724716187,-200.0,200,1.0408750540591427e-05
2118063095,-0.5210835337638855,-200.0,200,3.71073483620421e-07
1119514632,-0.5620670318603516,-200.0,200,8.161117293639108e-06
1241019252,-0.5673052072525024,-200.0,200,2.8173306009193765e-06
1096838896,-0.4784989655017853,-200.0,200,1.0127447776540066e-05
817430305,-0.5279243588447571,-200.0,200,6.283165748754982e-07
1003529304,-0.5088271498680115,-200.0,200,2.114868153967109e-05
742008802,-0.586538553237915,-200.0,200,7.616293278260855e-06
1608607447,-0.49896225333213806,-200.0,200,1.550976321595954e-08
976109649,-0.44487902522087097,-200.0,200,4.830064108318766e-07
209409695,-0.4308100938796997,-200.0,200,8.444954619335476e-07
1428294763,-0.42011913657188416,-200.0,200,3.787471414398169e-06
1602536906,-0.5735079050064087,-200.0,200,1.61638087593019e-05
51193031,-0.5002493858337402,-200.0,200,4.813871782971546e-08
1066336481,-0.41725030541419983,-200.0,200,2.391847783655976e-07
1438807117,-0.5806649327278137,-200.0,200,1.378238478082494e-05
990676059,-0.4272296130657196,-200.0,200,5.2842012928522305e-06
2121652018,-0.5486657619476318,-200.0,200,2.8113157941334064e-06
829363176,-0.4957623779773712,-200.0,200,8.951111658461741e-07
159683402,-0.45386072993278503,-200.0,200,3.2217355947068424e-05
1463420383,-0.5296618342399597,-200.0,200,2.8584053779923124e-07
1166906836,-0.5441111326217651,-200.0,200,1.1233109944441821e-08
810002730,-0.4523770213127136,-200.0,200,1.573373083374463e-08
880470445,-0.519832968711853,-200.0,200,2.530777146603214e-07
1026739646,-0.561654806137085,-200.0,200,1.522058853879571e-05
691574840,-0.41914254426956177,-200.0,200,3.860028555209283e-06
125798947,-0.4288918077945709,-200.0,200,6.515433597087394e-08
736523871,-0.40517011284828186,-200.0,200,9.264944878850656e-06
1097904166,-0.5469343066215515,-200.0,200,1.3151273378753104e-06
536091398,-0.4733290672302246,-200.0,200,5.010422191844555e-06
1028489259,-0.4619831144809723,-200.0,200,8.542491937078012e-06
760865707,-0.5611088871955872,-200.0,200,7.899923348304583e-06
1814893866,-0.5339776873588562,-200.0,200,4.488945251068799e-07
843031686,-0.42769408226013184,-200.0,200,2.43513327313849e-05
1072620243,-0.533001184463501,-200.0,200,2.759024619081174e-07
1831499253,-0.432324081659317,-200.0,200,1.7634347386774605e-08
621020002,-0.4736804962158203,-200.0,200,9.729448993311962e-07
1681033872,-0.5325388312339783,-200.0,200,1.1940495714952704e-05
1383790631,-0.5343484878540039,-200.0,200,8.625104796919914e-06
1385844325,-0.5725297927856445,-200.0,200,2.879767180274939e-08
2007758632,-0.575316309928894,-200.0,200,1.801367943699006e-07
1615655157,-0.4292718172073364,-200.0,200,2.8957818894923548e-05
1764828786,-0.4620516002178192,-200.0,200,2.2570846658709342e-06
1085422186,-0.4927824139595032,-200.0,200,2.6518437152844855e-08
1926664089,-0.48600563406944275,-200.0,200,4.0454129702993667e-07
811573740,-0.4067159593105316,-200.0,200,1.0672664247977081e-05
456334988,-0.4719880521297455,-200.0,200,4.471155671126326e-07
1383206967,-0.46101832389831543,-200.0,200,1.1085597061537555e-05
1523864897,-0.40830501914024353,-200.0,200,5.603840495496115e-06
583456633,-0.5508840084075928,-200.0,200,6.814216249040328e-08
1830423289,-0.4221726357936859,-200.0,200,9.977588779293001e-06
967787247,-0.5636996030807495,-200.0,200,2.4223968557635087e-06
1491386513,-0.5516853332519531,-200.0,200,1.423736327978986e-05
786414019,-0.5228784680366516,-200.0,200,1.0066917866424773e-06
1621420613,-0.47071129083633423,-200.0,200,1.4430129340325947e-08
171980388,-0.41812682151794434,-200.0,200,5.7170106720150215e-06
1961831113,-0.5860769152641296,-200.0,200,3.546001967151824e-06
1295918538,-0.49442818760871887,-200.0,200,1.8264690979776787e-05
412442406,-0.5547069311141968,-200.0,200,7.066353191476082e-08
2130292822,-0.5546663403511047,-200.0,200,1.3098569979774766e-08
1219735761,-0.5742529630661011,-200.0,200,1.9246098117946532e-05
1470673006,-0.5439116358757019,-200.0,200,3.137565254291985e-06
309942297,-0.41954442858695984,-200.0,200,3.969531462644227e-08
960046753,-0.5172363519668579,-200.0,200,1.975809749637847e-05
45571105,-0.5355132222175598,-200.0,200,9.403828153153881e-07
144746282,-0.589533269405365,-200.0,200,3.611502506828401e-08
516404117,-0.41808292269706726,-200.0,200,5.357205282052746e-08
563733096,-0.4155379831790924,-200.0,200,1.2781197306139802e-05
569163950,-0.4766556918621063,-200.0,200,1.7352233953715768e-06
1084415354,-0.4784424304962158,-200.0,200,2.958047616630211e-07
517780093,-0.43501147627830505,-200.0,200,6.418290054170939e-06
285070910,-0.47389957308769226,-200.0,200,3.283144147644634e-05
489412507,-0.49955275654792786,-200.0,200,2.7006126401829533e-08
1229346351,-0.5381048321723938,-200.0,200,1.1779025044234003e-08
81128504,-0.4848194420337677,-200.0,200,4.0973650357045697e-08
1745188106,-0.44933491945266724,-200.0,200,9.338327799923718e-07
2030043616,-0.5914508104324341,-200.0,200,1.037761673615023e-05
1219205102,-0.4921056926250458,-200.0,200,1.4658983413937676e-05
1190887568,-0.4951781630516052,-200.0,200,5.396239885158138e-07
140214462,-0.46523189544677734,-200.0,200,1.78062464328832e-08
650717424,-0.5044935345649719,-200.0,200,1.0851304477910161e-06
765963725,-0.4910081624984741,-200.0,200,9.830815679379157e-06
1753012302,-0.4896937608718872,-200.0,200,6.995378726060153e-07
22722563,-0.5981689691543579,-200.0,200,3.850740924463025e-05
244477232,-0.5901293754577637,-200.0,200,2.5077073496504455e-06
1826564971,-0.5633057951927185,-200.0,200,2.4244991436717102e-08
37581953,-0.5842187404632568,-200.0,200,3.012002707691863e-08
1225872330,-0.4117411971092224,-200.0,200,1.6571345440752338e-07
204602116,-0.567204475402832,-200.0,200,1.975864688574802e-07
1182052641,-0.4545480012893677,-200.0,200,2.782675660910172e-05
1105239613,-0.4670373797416687,-200.0,200,9.37238655751571e-08
277524891,-0.42507755756378174,-200.0,200,1.6517218682565725e-07
335687151,-0.574537992477417,-200.0,200,1.7261713765037713e-08
2060327140,-0.4992245137691498,-200.0,200,2.367819657592918e-05
1180373361,-0.4047756493091583,-200.0,200,2.723566863096494e-06
1854854523,-0.560666561126709,-200.0,200,2.150880845874781e-08
300972052,-0.5094472765922546,-200.0,200,3.715779257618124e-08
2100195778,-0.4477801024913788,-200.0,200,7.608232590428088e-07
1425578718,-0.48114314675331116,-200.0,200,2.3822518642191426e-05
1634573464,-0.47091400623321533,-200.0,200,2.1720477434428175e-07
1860595903,-0.4868013560771942,-200.0,200,1.4515836801365367e-06
379384798,-0.44583138823509216,-200.0,200,1.1635902515081398e-05
1178315687,-0.5978114604949951,-200.0,200,1.9778466139541707e-06
1337872274,-0.49640029668807983,-200.0,200,3.7407736272143663e-07
1622709,-0.5974698066711426,-200.0,200,3.029866411452531e-07
858871253,-0.5582429766654968,-200.0,200,5.2626345168391706e-05
2114609281,-0.4773629307746887,-200.0,200,2.0143515939707867e-08
1299418005,-0.5066343545913696,-200.0,200,7.892681423982139e-09
1865146911,-0.45191076397895813,-200.0,200,6.055829544493463e-09
2061260037,-0.577512800693512,-200.0,200,4.4752846406481696e-08
541169904,-0.53626549243927,-200.0,200,8.256245473603485e-07
147703641,-0.5057518482208252,-200.0,200,9.910012122418266e-06
342397269,-0.473899781703949,-200.0,200,1.0996232686011354e-06
44198042,-0.43041062355041504,-200.0,200,1.2556992260215338e-07
838623096,-0.5495059490203857,-200.0,200,5.204733213759028e-05
566087596,-0.4907832145690918,-200.0,200,3.690824996738229e-08
906808967,-0.4625284671783447,-200.0,200,8.670808711030987e-09
1009358811,-0.5775761604309082,-200.0,200,1.8017949514614884e-08
247169875,-0.44722822308540344,-200.0,200,7.559331152151572e-08
1196644890,-0.5307025909423828,-200.0,200,7.412364220726885e-07
1803286100,-0.5565786361694336,-200.0,200,1.776024208538729e-05
1266977447,-0.5748414993286133,-200.0,200,1.215279289681348e-06
2122237971,-0.5619198679924011,-200.0,200,1.8551693074186915e-06
1846305721,-0.5473279356956482,-200.0,200,4.3074000359411e-06
782895540,-0.4201870560646057,-200.0,200,2.0938834722983302e-06
2084212789,-0.4649156928062439,-200.0,200,8.343970953319514e-06
924154292,-0.4550126791000366,-200.0,200,1.7863100983959156e-05
443095490,-0.5050346255302429,-200.0,200,1.5699054074502782e-07
985788429,-0.5261514186859131,-200.0,200,1.4507813830277883e-08
1266569675,-0.43343228101730347,-200.0,200,3.203972801202326e-07
1280862020,-0.597904622554779,-200.0,200,3.889004221491632e-05
527252619,-0.5244191884994507,-200.0,200,7.408061719615944e-09
23119576,-0.5443631410598755,-200.0,200,1.1512602213770151e-08
1039683453,-0.5802865624427795,-200.0,200,1.9412764231674374e-08
1103944647,-0.44255882501602173,-200.0,200,2.6483719011594076e-07
1694958407,-0.42479056119918823,-200.0,200,4.150375780227477e-06
280147141,-0.4913191795349121,-200.0,200,2.4993304091367463e-05
538720239,-0.42188066244125366,-200.0,200,7.341607670241502e-07
1570013372,-0.5900138020515442,-200.0,200,6.915174708410631e-08
1761708939,-0.549950122833252,-200.0,200,1.245582716364879e-06
1361023992,-0.5059407949447632,-200.0,200,1.4791349899496709e-05
1541513621,-0.592210590839386,-200.0,200,1.890418889161083e-07
1013517079,-0.4352351129055023,-200.0,200,5.916923782933736e-08
1105615036,-0.5929487347602844,-200.0,200,3.280679030467581e-05
1485855425,-0.5942058563232422,-200.0,200,9.788941720216825e-06
1947393796,-0.4417136609554291,-200.0,200,7.453195394191425e-09
1447199899,-0.482841819524765,-200.0,200,2.6078419068653603e-08
1152710990,-0.5349265336990356,-200.0,200,1.8325263226870448e-08
1126250760,-0.5200950503349304,-200.0,200,3.777169058594154e-07
369820391,-0.5715069770812988,-200.0,200,4.218684776787995e-05
220941058,-0.49470463395118713,-200.0,200,8.34146612760378e-08
1111766645,-0.4758014678955078,-200.0,200,8.888741831469815e-09
1409852803,-0.5345960259437561,-200.0,200,1.6750427676015534e-08
644698067,-0.5072417259216309,-200.0,200,2.3246906494023279e-07
74522999,-0.4370167553424835,-200.0,200,8.023743248486426e-07
1159478690,-0.4085313677787781,-200.0,200,4.719972323528054e-05
1177544689,-0.4473499059677124,-200.0,200,8.136066753650085e-09
2010381226,-0.5473975539207458,-200.0,200,1.2081795830454212e-08
1575159212,-0.529137372970581,-200.0,200,1.7602865227672737e-08
1082024172,-0.47926998138427734,-200.0,200,4.3203858695051164e-08
551130358,-0.5688897371292114,-200.0,200,7.313762580452021e-08
1031019820,-0.40782755613327026,-200.0,200,1.3732928737226757e-05
646768234,-0.5093529224395752,-200.0,200,3.459461868260405e-07
1608284355,-0.4931926727294922,-200.0,200,8.892691039363853e-07
400584226,-0.5756534934043884,-200.0,200,3.178481591021409e-05
1852777429,-0.4674743115901947,-200.0,200,8.778347364568618e-09
1585687423,-0.41715121269226074,-200.0,200,9.713085091789253e-09
1185625216,-0.4745428264141083,-200.0,200,3.664645646495046e-07
1062764580,-0.43238601088523865,-200.0,200,9.771318210823666e-05
250411174,-0.477728933095932,-200.0,200,1.969495406228816e-07
1353949124,-0.5898128747940063,-200.0,200,8.651954885863233e-09
3000954,-0.4178540110588074,-200.0,200,8.022634574444964e-09
1001779678,-0.5772460699081421,-200.0,200,6.672298695775681e-09
381501501,-0.585310161113739,-200.0,200,4.4328635340207255e-08
960775764,-0.5511431694030762,-200.0,200,1.7294737517659086e-08
1655757585,-0.4819578528404236,-200.0,200,1.1181287800354766e-06
2020343456,-0.522284746170044,-200.0,200,8.116032554426055e-06
1842582878,-0.5012719035148621,-200.0,200,1.938416676239285e-06
1778139813,-0.4688228964805603,-200.0,200,3.348557393110241e-06
2063317193,-0.465535044670105,-200.0,200,3.609872264860314e-06
679391083,-0.5621155500411987,-200.0,200,3.1062419607224e-05
960078518,-0.42777737975120544,-200.0,200,3.960105914302403e-08
1996841043,-0.5398050546646118,-200.0,200,9.875308023765683e-08
28330162,-0.479645699262619,-200.0,200,3.2618429941067006e-07
1830418093,-0.5952324271202087,-200.0,200,7.35614814402652e-06
635517848,-0.4844572842121124,-200.0,200,1.2223974804328464e-05
24168817,-0.5705617666244507,-200.0,200,3.0744531613891014e-08
27562108,-0.400294691324234,-200.0,200,2.776011615424068e-07
527883639,-0.5550551414489746,-200.0,200,1.1481538017505954e-05
214036586,-0.5811268091201782,-200.0,200,5.098556562188605e-06
2070334287,-0.46862733364105225,-200.0,200,3.6376175876284833e-06
1263127206,-0.5452265739440918,-200.0,200,1.3423488235275726e-06
1493753550,-0.4135012924671173,-200.0,200,8.491740281897364e-06
1045479517,-0.5856567025184631,-200.0,200,4.299255833757343e-06
1804127380,-0.5198236107826233,-200.0,200,2.747064618233708e-06
993455922,-0.40206682682037354,-200.0,200,3.731564396730391e-05
2070862260,-0.43206706643104553,-200.0,200,3.3152729884022846e-07
1552586832,-0.42040830850601196,-200.0,200,1.0650596777850296e-08
218203867,-0.5832518935203552,-200.0,200,9.534956006973516e-09
1069461963,-0.5475238561630249,-200.0,200,2.4519140424672516e-08
1980750164,-0.5131945013999939,-200.0,200,3.067200569148554e-05
311706961,-0.4417824447154999,-200.0,200,2.00171618416789e-06
545096786,-0.44968804717063904,-200.0,200,1.4655106497230007e-08
1702524081,-0.4442439079284668,-200.0,200,2.9710658964177128e-08
2079453422,-0.5701744556427002,-200.0,200,7.38191552045464e-07
376133379,-0.5671586394309998,-200.0,200,1.228412716955063e-05
299255179,-0.45569244027137756,-200.0,200,1.127572295445134e-06
1555845660,-0.4604724943637848,-200.0,200,5.8304957019572615e-06
489261358,-0.46065282821655273,-200.0,200,2.045710048150795e-06
1325684473,-0.475710928440094,-200.0,200,2.5210414150933503e-06
1629731002,-0.5966657996177673,-200.0,200,3.312635306883749e-05
1928027827,-0.5167647004127502,-200.0,200,1.6645440155116375e-08
1083918106,-0.46921253204345703,-200.0,200,1.68426458913018e-08
1674051922,-0.4976727366447449,-200.0,200,7.65673712521675e-08
132554431,-0.4063502550125122,-200.0,200,1.7262227843275468e-05
1815997066,-0.5620405673980713,-200.0,200,1.787389919627458e-07
157870620,-0.4495818614959717,-200.0,200,4.6582232243963517e-07
773297069,-0.4605007767677307,-200.0,200,3.0064210209275187e-05
1844220636,-0.4109858572483063,-200.0,200,1.1076181181124411e-08
840062490,-0.45729684829711914,-200.0,200,3.105287760263309e-08
439024944,-0.4611978232860565,-200.0,200,2.299598872923525e-07
1455377654,-0.5571783781051636,-200.0,200,7.5952279439661656e-06
729492076,-0.45131778717041016,-200.0,200,1.3136434563421061e-06
1743428398,-0.44416362047195435,-200.0,200,1.7371666422150157e-05
1064696578,-0.47369661927223206,-200.0,200,2.1680157260561827e-08
1841134761,-0.5233752727508545,-200.0,200,4.65407219962799e-08
229616687,-0.415345698595047,-200.0,200,1.0922650481006713e-05
1739385994,-0.47219279408454895,-200.0,200,8.170052478817525e-07
1827318044,-0.40963512659072876,-200.0,200,9.001573525893036e-06
1529642963,-0.4100014269351959,-200.0,200,1.340544976756064e-05
1550116868,-0.48829811811447144,-200.0,200,1.4049872333998793e-07
1924736835,-0.5949068069458008,-200.0,200,2.733653764153132e-07
483526894,-0.5016381740570068,-200.0,200,8.400965111832192e-06
472359037,-0.5756385922431946,-200.0,200,5.21873952493479e-06
1988387821,-0.5347866415977478,-200.0,200,5.238015824033937e-06
871471386,-0.5500702261924744,-200.0,200,4.355034752734355e-07
329684482,-0.5464497208595276,-200.0,200,5.474560802213091e-05
1978358019,-0.5506700277328491,-200.0,200,1.3837084225087892e-08
2122422315,-0.4027423560619354,-200.0,200,9.26622305996716e-09
447582314,-0.553629994392395,-200.0,200,8.787346814642661e-09
2048033704,-0.47474730014801025,-200.0,200,6.34047046332853e-08
1465027649,-0.48221585154533386,-200.0,200,8.2271548353674e-06
1904095380,-0.45005157589912415,-200.0,200,2.94431642487325e-06
555393531,-0.41342243552207947,-200.0,200,2.447428187224432e-07
659304059,-0.5332738757133484,-200.0,200,5.399975725595141e-07
1135293688,-0.5556318759918213,-200.0,200,2.489912886176171e-05
631490532,-0.45585769414901733,-200.0,200,3.4417045299051095e-07
1164838055,-0.5935168862342834,-200.0,200,3.2566254049015696e-08
406422967,-0.43838322162628174,-200.0,200,1.9195942013539025e-06
768347385,-0.5943295359611511,-200.0,200,1.7828733116402874e-05
1332702015,-0.5613119602203369,-200.0,200,2.3979409888852387e-08
2080026273,-0.49718910455703735,-200.0,200,9.4320671450987e-08
1990669696,-0.5325585603713989,-200.0,200,7.370597818407987e-06
1775394225,-0.42637428641319275,-200.0,200,9.180173237837153e-06
1723189967,-0.5493106842041016,-200.0,200,1.7361349773636902e-06
1260612190,-0.5077930688858032,-200.0,200,2.414523469269625e-06
848005870,-0.4687213897705078,-200.0,200,1.9606575247053115e-05
1533844352,-0.41750332713127136,-200.0,200,7.284863386303186e-08
735946877,-0.5668277740478516,-200.0,200,5.8358345995657146e-08
994960961,-0.5027318000793457,-200.0,200,1.4918190809112275e-05
1552863254,-0.5254312753677368,-200.0,200,1.4163246305542997e-06
1910080191,-0.5212642550468445,-200.0,200,8.104855078272521e-07
398176923,-0.5470216274261475,-200.0,200,1.2679447399932542e-05
1590803988,-0.4274245798587799,-200.0,200,5.394995741880849e-07
1084784304,-0.48360103368759155,-200.0,200,5.518078614841215e-06
2067892331,-0.42716121673583984,-200.0,200,3.323002270008146e-06
353105412,-0.5353397130966187,-200.0,200,3.459098993516818e-06
664833671,-0.5040004849433899,-200.0,200,7.179259455369902e-07
112651891,-0.42164289951324463,-200.0,200,1.7941090918611733e-05
1374218753,-0.5100538730621338,-200.0,200,1.843024756453815e-07
1387984077,-0.5024154186248779,-200.0,200,2.30287043905264e-06
1590489051,-0.41448262333869934,-200.0,200,3.7803709319632616e-05
1593834111,-0.5985825061798096,-200.0,200,1.2018792626804497e-05
314154434,-0.5287142395973206,-200.0,200,7.375119821517728e-09
1343713202,-0.45640790462493896,-200.0,200,1.3807143659505527e-08
1901273530,-0.4582354426383972,-200.0,200,1.559847532917047e-08
1150077285,-0.4257522225379944,-200.0,200,9.982270967157092e-08
615815718,-0.49834948778152466,-200.0,200,6.365645276673603e-08
2085298060,-0.42430350184440613,-200.0,200,2.9710030025853486e-05
1063492052,-0.4422146677970886,-200.0,200,8.275135769508779e-08
1642269343,-0.5338025689125061,-200.0,200,3.992469828517642e-08
152000802,-0.5916960835456848,-200.0,200,1.270012216991745e-07
38711559,-0.5481106042861938,-200.0,200,2.9886304405408735e-05
428262012,-0.47214099764823914,-200.0,200,9.70716882875422e-09
1211582658,-0.5231853127479553,-200.0,200,8.494143912685104e-09
2137046240,-0.4678407609462738,-200.0,200,2.8723184186674187e-08
2050690379,-0.5495399236679077,-200.0,200,1.033150554576423e-05
1356468995,-0.40630748867988586,-200.0,200,4.241890746925492e-07
856679123,-0.4269443452358246,-200.0,200,2.605687677714741e-07
2034373349,-0.4886050820350647,-200.0,200,2.380766885835328e-05
959567382,-0.5025910139083862,-200.0,200,8.761797876104537e-06
1610840542,-0.47314488887786865,-200.0,200,1.4784613995288964e-08
1677638953,-0.5702708959579468,-200.0,200,1.2487444109865464e-08
1786970498,-0.5181165933609009,-200.0,200,4.636936409951886e-08
1725753485,-0.557207465171814,-200.0,200,1.035541768942494e-05
463607262,-0.5187652707099915,-200.0,200,1.737344778575789e-05
654474623,-0.5013195276260376,-200.0,200,1.4090728654991835e-08
1464383502,-0.5073226094245911,-200.0,200,2.5961535357055253e-08
1863574337,-0.4353213310241699,-200.0,200,2.16013564113382e-06
577066982,-0.42354390025138855,-200.0,200,7.649522144674847e-06
626755751,-0.44155701994895935,-200.0,200,1.9718758517228706e-05
188597890,-0.5855311751365662,-200.0,200,4.036938344142982e-07
1539011956,-0.41142603754997253,-200.0,200,1.6830222193675583e-08
978812217,-0.5434324145317078,-200.0,200,5.648551241392851e-06
820790684,-0.5398598909378052,-200.0,200,5.695527456737182e-06
1837538002,-0.5168521404266357,-200.0,200,1.2832237835027628e-05
1360512565,-0.4599195718765259,-200.0,200,2.1636186829709915e-07
732041500,-0.572820246219635,-200.0,200,6.072873707125836e-06
1171328650,-0.5545476078987122,-200.0,200,9.205793003275176e-07
1608750564,-0.5932466983795166,-200.0,200,6.000498860885272e-06
622496824,-0.5035284161567688,-200.0,200,3.240168407501187e-06
280506168,-0.4725939929485321,-200.0,200,1.950647482317436e-05
765908021,-0.5668743252754211,-200.0,200,6.140605410109856e-07
409234039,-0.45892783999443054,-200.0,200,9.712039172882214e-09
1124482652,-0.599115788936615,-200.0,200,2.462914380885195e-08
1929951061,-0.4903419017791748,-200.0,200,5.583147440120229e-06
352308524,-0.5340039730072021,-200.0,200,1.3634185470436933e-05
940336179,-0.4912792146205902,-200.0,200,3.827924783763592e-06
87681656,-0.47644203901290894,-200.0,200,3.7151153264858294e-08
383301031,-0.5085077881813049,-200.0,200,8.43497011828731e-06
285358318,-0.5680001378059387,-200.0,200,1.1364163979123987e-05
1593865276,-0.5645795464515686,-200.0,200,1.096733922167914e-07
28604961,-0.48149365186691284,-200.0,200,2.111984505518194e-05
499206986,-0.5613433122634888,-200.0,200,2.548187435422733e-06
86823116,-0.4231092929840088,-200.0,200,1.1094257388322148e-08
91992134,-0.5197455286979675,-200.0,200,3.836707946902607e-08
2077567639,-0.5231401920318604,-200.0,200,9.220851020472764e-06
1150254629,-0.4414651393890381,-200.0,200,2.0301474705775037e-07
1238783986,-0.40601223707199097,-200.0,200,2.109264404680289e-05
218486688,-0.5290361642837524,-200.0,200,5.481469197547995e-06
1144012813,-0.4019365906715393,-200.0,200,7.133676263038069e-09
2143823657,-0.45337897539138794,-200.0,200,1.9849309865094256e-07
1718819328,-0.5826342701911926,-200.0,200,1.510457938820764e-05
2038295287,-0.476180762052536,-200.0,200,2.009059717238415e-06
91711234,-0.48073095083236694,-200.0,200,9.451258847548161e-08
386769691,-0.5756925344467163,-200.0,200,1.465823429498414e-06
1962537710,-0.49316275119781494,-200.0,200,4.956286003107379e-05
723640750,-0.45289483666419983,-200.0,200,8.64371486386517e-09
1108712771,-0.42621898651123047,-200.0,200,9.729374141898006e-09
983436675,-0.4550871253013611,-200.0,200,7.378735062957276e-09
5664390,-0.4181048274040222,-200.0,200,9.435498213861138e-09
1216144000,-0.463070809841156,-200.0,200,7.892854068813903e-06
47555894,-0.576960563659668,-200.0,200,3.8369717003661205e-08
92034209,-0.5087763667106628,-200.0,200,3.40949040491978e-05
484918817,-0.582203209400177,-200.0,200,8.170186447387096e-09
1703461362,-0.40174728631973267,-200.0,200,8.694291864230763e-09
852188541,-0.5327956080436707,-200.0,200,1.5725204320915507e-08
59416269,-0.4501810073852539,-200.0,200,6.429405402741395e-08
1909535779,-0.4329146444797516,-200.0,200,6.759876760042972e-07
1474509314,-0.4411289393901825,-200.0,200,2.4250460037364973e-05
115833141,-0.4768975079059601,-200.0,200,1.1955685295106378e-08
1932058377,-0.5178964734077454,-200.0,200,7.394457497866824e-08
421689926,-0.5272242426872253,-200.0,200,4.94655893817253e-06
1315180933,-0.45725885033607483,-200.0,200,3.558972971404728e-06
1159167870,-0.43987664580345154,-200.0,200,2.0618057842511916e-05
615405447,-0.43254366517066956,-200.0,200,8.15839132428664e-06
1058329876,-0.494137704372406,-200.0,200,1.446892747480888e-07
1751172458,-0.5306910872459412,-200.0,200,1.1293388524791225e-07
1211682777,-0.4211632311344147,-200.0,200,1.5706178683103644e-05
197032948,-0.550483763217926,-200.0,200,1.8387815816822694e-06
1730506256,-0.5129300951957703,-200.0,200,2.2565870040125446e-07
452282494,-0.49905911087989807,-200.0,200,1.0991694125550567e-06
1785177228,-0.4671441912651062,-200.0,200,5.694746882909385e-06
1200002685,-0.5214337110519409,-200.0,200,3.4480629424251674e-05
645983055,-0.5335366725921631,-200.0,200,6.803917131037451e-07
275357208,-0.4839675724506378,-200.0,200,8.458678166789469e-09
374178224,-0.5055819749832153,-200.0,200,5.9107524066348563e-08
1795018932,-0.5286991596221924,-200.0,200,1.4764555089641362e-07
589416174,-0.5299817323684692,-200.0,200,8.094212575997518e-06
1115746211,-0.5460915565490723,-200.0,200,2.345831580896629e-07
1631011768,-0.43059682846069336,-200.0,200,2.191829832554504e-05
738551687,-0.4820016026496887,-200.0,200,1.7641610611462965e-07
769690376,-0.5347656011581421,-200.0,200,5.280816367303487e-08
1495531370,-0.5798189043998718,-200.0,200,3.289908122951601e-05
1752774532,-0.5312880277633667,-200.0,200,1.0950638170470483e-07
2141074466,-0.5041080713272095,-200.0,200,3.3246355997107455e-08
184121558,-0.4221285581588745,-200.0,200,7.504743116442114e-06
